{
    "faces":[33,0,7,8,1,0,1,2,3,33,1,8,9,2,3,2,4,5,33,2,9,10,3,5,4,6,7,33,3,10,11,4,7,6,8,9,33,4,11,12,5,9,8,10,11,33,5,12,13,6,11,10,12,13,33,7,0,6,13,1,0,13,12,33,7,14,15,8,1,14,15,2,33,8,15,16,9,2,15,16,4,33,9,16,17,10,4,16,17,6,33,10,17,18,11,6,17,18,8,33,11,18,19,12,8,18,19,10,33,12,19,20,13,10,19,20,12,33,13,20,14,7,12,20,14,1,33,14,21,22,15,14,21,22,15,33,15,22,23,16,15,22,23,16,33,16,23,24,17,16,23,24,17,33,17,24,25,18,17,24,25,18,33,18,25,26,19,18,25,26,19,33,19,26,27,20,19,26,27,20,33,20,27,21,14,20,27,21,14,33,21,28,29,22,21,28,29,22,33,22,29,30,23,22,29,30,23,33,23,30,31,24,23,30,31,24,33,24,31,32,25,24,31,32,25,33,25,32,33,26,25,32,33,26,33,26,33,34,27,26,33,34,27,33,27,34,28,21,27,34,28,21,33,28,35,36,29,28,35,36,29,33,29,36,37,30,29,36,37,30,33,30,37,38,31,30,37,38,31,33,31,38,39,32,31,38,39,32,33,32,39,40,33,32,39,40,33,33,33,40,41,34,33,40,41,34,33,34,41,35,28,34,41,35,28,33,35,42,43,36,35,42,43,36,33,36,43,44,37,36,43,44,37,33,37,44,45,38,37,44,45,38,33,38,45,46,39,38,45,46,39,33,39,46,47,40,39,46,47,40,33,40,47,48,41,40,47,48,41,33,41,48,42,35,41,48,42,35,33,42,49,50,43,42,49,50,43,33,43,50,51,44,43,50,51,44,33,44,51,52,45,44,51,52,45,33,45,52,53,46,45,52,53,46,33,46,53,54,47,46,53,54,47,33,47,54,55,48,47,54,55,48,33,48,55,49,42,48,55,49,42,33,49,56,57,50,49,56,57,50,33,50,57,58,51,50,57,58,51,33,51,58,59,52,51,58,59,52,33,52,59,60,53,52,59,60,53,33,53,60,61,54,53,60,61,54,33,54,61,62,55,54,61,62,55,33,55,62,56,49,55,62,56,49,33,56,63,64,57,56,63,64,57,33,57,64,65,58,57,64,65,58,33,58,65,66,59,58,65,66,59,33,59,66,67,60,59,66,67,60,33,60,67,68,61,60,67,68,61,33,61,68,69,62,61,68,69,62,33,62,69,63,56,62,69,63,56,33,63,70,71,64,63,70,71,64,33,64,71,72,65,64,71,72,65,33,65,72,73,66,65,72,73,66,33,66,73,74,67,66,73,74,67,33,67,74,75,68,67,74,75,68,33,68,75,76,69,68,75,76,69,33,69,76,70,63,69,76,70,63,33,70,0,1,71,70,0,3,71,33,71,1,2,72,71,3,5,72,33,72,2,3,73,72,5,7,73,33,73,3,4,74,73,7,9,74,33,74,4,5,75,74,9,11,75,33,75,5,6,76,75,11,13,76,33,0,70,76,6,0,70,76,13],
    "uvs":[],
    "vertices":[1.44666,0.15784,0.090464,1.26217,0.540938,0.090464,0.84762,0.635555,0.090464,0.515181,0.370443,0.090464,0.515181,-0.0547626,0.090464,0.84762,-0.319874,0.0904641,1.26217,-0.225257,0.090464,1.21012,0.15784,-0.715091,1.05492,0.540938,-0.615348,0.706183,0.635555,-0.391228,0.426517,0.370443,-0.211498,0.426517,-0.0547626,-0.211498,0.706183,-0.319874,-0.391228,1.05492,-0.225257,-0.615348,0.575624,0.15784,-1.26489,0.498984,0.540938,-1.09707,0.326776,0.635555,-0.719986,0.188676,0.370443,-0.417588,0.188676,-0.0547626,-0.417588,0.326776,-0.319874,-0.719986,0.498984,-0.225257,-1.09707,-0.255394,0.15784,-1.38437,-0.229138,0.540938,-1.20176,-0.170142,0.635555,-0.791432,-0.122831,0.370443,-0.462376,-0.122831,-0.0547627,-0.462376,-0.170142,-0.319874,-0.791432,-0.229138,-0.225257,-1.20176,-1.01909,0.15784,-1.0356,-0.898271,0.540938,-0.896175,-0.626802,0.635555,-0.582882,-0.409101,0.370443,-0.331641,-0.409101,-0.0547626,-0.331641,-0.626802,-0.319874,-0.582882,-0.898271,-0.225257,-0.896175,-1.47299,0.15784,-0.329317,-1.29597,0.540938,-0.27734,-0.898219,0.635555,-0.16055,-0.579245,0.370443,-0.0668906,-0.579245,-0.0547626,-0.0668906,-0.898219,-0.319874,-0.16055,-1.29597,-0.225257,-0.27734,-1.47299,0.15784,0.510245,-1.29597,0.540938,0.458268,-0.898219,0.635555,0.341478,-0.579245,0.370443,0.247819,-0.579245,-0.0547626,0.247819,-0.898219,-0.319874,0.341478,-1.29597,-0.225257,0.458268,-1.01909,0.15784,1.21653,-0.898272,0.540938,1.0771,-0.626802,0.635555,0.76381,-0.409101,0.370443,0.512569,-0.409101,-0.0547626,0.512569,-0.626802,-0.319874,0.76381,-0.898272,-0.225257,1.0771,-0.255394,0.15784,1.5653,-0.229138,0.540938,1.38269,-0.170142,0.635555,0.97236,-0.122831,0.370443,0.643304,-0.122831,-0.0547626,0.643304,-0.170142,-0.319874,0.97236,-0.229138,-0.225257,1.38269,0.575624,0.15784,1.44582,0.498984,0.540938,1.278,0.326776,0.635555,0.900914,0.188676,0.370443,0.598516,0.188676,-0.0547626,0.598516,0.326776,-0.319874,0.900914,0.498984,-0.225257,1.278,1.21012,0.15784,0.896019,1.05492,0.540938,0.796276,0.706183,0.635555,0.572156,0.426517,0.370443,0.392426,0.426517,-0.0547626,0.392426,0.706183,-0.319874,0.572156,1.05492,-0.225257,0.796276],
    "metadata":{
        "version":3,
        "faces":77,
        "uvs":0,
        "type":"Geometry",
        "normals":77,
        "generator":"io_three",
        "vertices":77
    },
    "normals":[1,0,0,0.841243,0,-0.540635,0.561174,0.744987,-0.360637,0.667043,0.744987,0,-0.122257,0.98938,0.0785546,-0.145299,0.98938,0,-0.743614,0.467544,0.477889,-0.883938,0.467544,0,-0.743614,-0.467544,0.477889,-0.883938,-0.467544,0,-0.122257,-0.98938,0.0785546,-0.145299,-0.98938,0,0.561174,-0.744987,-0.360637,0.667043,-0.744987,0,0.415387,0,-0.909604,0.277108,0.744987,-0.606769,-0.0603656,0.98938,0.132176,-0.367199,0.467544,0.804071,-0.367199,-0.467544,0.804071,-0.0603656,-0.98938,0.132176,0.277108,-0.744987,-0.606769,-0.142308,0,-0.989807,-0.0949126,0.744987,-0.660268,0.020661,0.98938,0.143834,0.125797,0.467544,0.874935,0.125797,-0.467544,0.874935,0.020661,-0.98938,0.143834,-0.0949126,-0.744987,-0.660268,-0.654836,0,-0.75573,-0.436811,0.744987,-0.504135,0.0951567,0.98938,0.109806,0.578845,0.467544,0.66805,0.578845,-0.467544,0.66805,0.0951567,-0.98938,0.109806,-0.436811,-0.744987,-0.504135,-0.959471,0,-0.281716,-0.640034,0.744987,-0.187933,0.139439,0.98938,0.0409253,0.84814,0.467544,0.249031,0.84814,-0.467544,0.249031,0.139439,-0.98938,0.0409253,-0.640034,-0.744987,-0.187933,-0.959471,0,0.281716,-0.640034,0.744987,0.187933,0.139439,0.98938,-0.0409253,0.84814,0.467544,-0.249031,0.84814,-0.467544,-0.249031,0.139439,-0.98938,-0.0409253,-0.640034,-0.744987,0.187933,-0.654836,0,0.75573,-0.436811,0.744987,0.504135,0.0951567,0.98938,-0.109806,0.578845,0.467544,-0.66805,0.578845,-0.467544,-0.66805,0.0951567,-0.98938,-0.109806,-0.436811,-0.744987,0.504135,-0.142308,0,0.989807,-0.0949126,0.744987,0.660268,0.020661,0.98938,-0.143834,0.125797,0.467544,-0.874935,0.125797,-0.467544,-0.874935,0.020661,-0.98938,-0.143834,-0.0949126,-0.744987,0.660268,0.415387,0,0.909604,0.277108,0.744987,0.606769,-0.0603656,0.98938,-0.132176,-0.367199,0.467544,-0.804071,-0.367199,-0.467544,-0.804071,-0.0603656,-0.98938,-0.132176,0.277108,-0.744987,0.606769,0.841243,0,0.540635,0.561174,0.744987,0.360637,-0.122257,0.98938,-0.0785546,-0.743614,0.467544,-0.477889,-0.743614,-0.467544,-0.477889,-0.122257,-0.98938,-0.0785546,0.561174,-0.744987,0.360637]
}